review,label
Amazing amazing amazing perfect perfect,0
Very satisfied with this purchase,1
Would recommend this product,1
Packaging was neat and secure,1
Packaging was neat and secure,1
Best product ever buy now immediately,0
Packaging was neat and secure,1
Would recommend this product,1
Most incredible product ever created,0
Five stars for quality and performance,1
Amazing amazing amazing perfect perfect,0
Very satisfied with this purchase,1
Reliable and easy to use,1
Five stars for quality and performance,1
Everyone needs this right now,0
Good quality and worth the price,1
Don't miss this unbelievable deal,0
Excellent build quality,1
Life changing product everyone must buy,0
Unlimited benefits no drawbacks at all,0
Amazing amazing amazing perfect perfect,0
Packaging was neat and secure,1
Most incredible product ever created,0
Customer support was helpful,1
Don't miss this unbelievable deal,0
Most incredible product ever created,0
Don't miss this unbelievable deal,0
Guaranteed satisfaction buy today,0
Don't miss this unbelievable deal,0
Guaranteed satisfaction buy today,0
Customer support was helpful,1
Reliable and easy to use,1
Life changing product everyone must buy,0
Guaranteed satisfaction buy today,0
Packaging was neat and secure,1
Would recommend this product,1
Guaranteed satisfaction buy today,0
Unlimited benefits no drawbacks at all,0
Product matches the description,1
This product will change your life forever,0
Good quality and worth the price,1
This product will change your life forever,0
Product matches the description,1
Would recommend this product,1
Very satisfied with this purchase,1
Customer support was helpful,1
Guaranteed satisfaction buy today,0
Amazing amazing amazing perfect perfect,0
Good quality and worth the price,1
Very satisfied with this purchase,1
Perfect product perfect product perfect product,0
Very satisfied with this purchase,1
Would recommend this product,1
Packaging was neat and secure,1
Very satisfied with this purchase,1
Would recommend this product,1
Amazing amazing amazing perfect perfect,0
Amazing amazing amazing perfect perfect,0
Five stars for quality and performance,1
Five stars for quality and performance,1
Guaranteed satisfaction buy today,0
Would recommend this product,1
Best product ever buy now immediately,0
Most incredible product ever created,0
The product arrived on time and works as expected,1
Very satisfied with this purchase,1
Unlimited benefits no drawbacks at all,0
Packaging was neat and secure,1
Don't miss this unbelievable deal,0
Amazing amazing amazing perfect perfect,0
Excellent build quality,1
Excellent build quality,1
Packaging was neat and secure,1
Very satisfied with this purchase,1
Guaranteed satisfaction buy today,0
Everyone needs this right now,0
Amazing amazing amazing perfect perfect,0
Amazing amazing amazing perfect perfect,0
Guaranteed satisfaction buy today,0
Don't miss this unbelievable deal,0
Everyone needs this right now,0
Reliable and easy to use,1
Customer support was helpful,1
Don't miss this unbelievable deal,0
Would recommend this product,1
Product matches the description,1
Reliable and easy to use,1
Most incredible product ever created,0
Perfect product perfect product perfect product,0
Good quality and worth the price,1
Product matches the description,1
Product matches the description,1
Everyone needs this right now,0
Customer support was helpful,1
Very satisfied with this purchase,1
The product arrived on time and works as expected,1
Life changing product everyone must buy,0
Product matches the description,1
Product matches the description,1
Would recommend this product,1
Don't miss this unbelievable deal,0
Customer support was helpful,1
This product will change your life forever,0
Best product ever buy now immediately,0
Most incredible product ever created,0
Would recommend this product,1
Excellent build quality,1
Don't miss this unbelievable deal,0
Reliable and easy to use,1
The product arrived on time and works as expected,1
Guaranteed satisfaction buy today,0
Packaging was neat and secure,1
Life changing product everyone must buy,0
The product arrived on time and works as expected,1
Life changing product everyone must buy,0
Reliable and easy to use,1
Excellent build quality,1
Five stars for quality and performance,1
Five stars for quality and performance,1
Perfect product perfect product perfect product,0
Very satisfied with this purchase,1
Product matches the description,1
Guaranteed satisfaction buy today,0
Best product ever buy now immediately,0
Would recommend this product,1
Guaranteed satisfaction buy today,0
Most incredible product ever created,0
Packaging was neat and secure,1
Very satisfied with this purchase,1
Excellent build quality,1
Unlimited benefits no drawbacks at all,0
Packaging was neat and secure,1
The product arrived on time and works as expected,1
Perfect product perfect product perfect product,0
Don't miss this unbelievable deal,0
Five stars for quality and performance,1
Product matches the description,1
Life changing product everyone must buy,0
Perfect product perfect product perfect product,0
Best product ever buy now immediately,0
Most incredible product ever created,0
Reliable and easy to use,1
Good quality and worth the price,1
Packaging was neat and secure,1
Five stars for quality and performance,1
Perfect product perfect product perfect product,0
Unlimited benefits no drawbacks at all,0
The product arrived on time and works as expected,1
The product arrived on time and works as expected,1
Five stars for quality and performance,1
Customer support was helpful,1
Very satisfied with this purchase,1
Reliable and easy to use,1
This product will change your life forever,0
Five stars for quality and performance,1
Best product ever buy now immediately,0
The product arrived on time and works as expected,1
Don't miss this unbelievable deal,0
Packaging was neat and secure,1
Don't miss this unbelievable deal,0
The product arrived on time and works as expected,1
Reliable and easy to use,1
Unlimited benefits no drawbacks at all,0
Guaranteed satisfaction buy today,0
Customer support was helpful,1
Reliable and easy to use,1
Good quality and worth the price,1
This product will change your life forever,0
Guaranteed satisfaction buy today,0
Guaranteed satisfaction buy today,0
Reliable and easy to use,1
Life changing product everyone must buy,0
Unlimited benefits no drawbacks at all,0
Five stars for quality and performance,1
Product matches the description,1
Reliable and easy to use,1
Customer support was helpful,1
Don't miss this unbelievable deal,0
Don't miss this unbelievable deal,0
Packaging was neat and secure,1
Very satisfied with this purchase,1
Good quality and worth the price,1
Would recommend this product,1
Guaranteed satisfaction buy today,0
Very satisfied with this purchase,1
Customer support was helpful,1
Packaging was neat and secure,1
Five stars for quality and performance,1
Guaranteed satisfaction buy today,0
Most incredible product ever created,0
Product matches the description,1
Amazing amazing amazing perfect perfect,0
The product arrived on time and works as expected,1
Would recommend this product,1
Guaranteed satisfaction buy today,0
Very satisfied with this purchase,1
Customer support was helpful,1
This product will change your life forever,0
Guaranteed satisfaction buy today,0
Best product ever buy now immediately,0
Customer support was helpful,1
Best product ever buy now immediately,0
Packaging was neat and secure,1
Amazing amazing amazing perfect perfect,0
Would recommend this product,1
Don't miss this unbelievable deal,0
Unlimited benefits no drawbacks at all,0
Product matches the description,1
Amazing amazing amazing perfect perfect,0
Good quality and worth the price,1
Guaranteed satisfaction buy today,0
Best product ever buy now immediately,0
Unlimited benefits no drawbacks at all,0
Guaranteed satisfaction buy today,0
This product will change your life forever,0
Good quality and worth the price,1
Life changing product everyone must buy,0
Life changing product everyone must buy,0
Five stars for quality and performance,1
Good quality and worth the price,1
Product matches the description,1
Excellent build quality,1
Guaranteed satisfaction buy today,0
Good quality and worth the price,1
This product will change your life forever,0
Would recommend this product,1
Best product ever buy now immediately,0
Everyone needs this right now,0
Guaranteed satisfaction buy today,0
Excellent build quality,1
Customer support was helpful,1
Product matches the description,1
Product matches the description,1
Don't miss this unbelievable deal,0
Life changing product everyone must buy,0
Five stars for quality and performance,1
Best product ever buy now immediately,0
Life changing product everyone must buy,0
This product will change your life forever,0
This product will change your life forever,0
Best product ever buy now immediately,0
This product will change your life forever,0
Five stars for quality and performance,1
Perfect product perfect product perfect product,0
This product will change your life forever,0
Reliable and easy to use,1
Packaging was neat and secure,1
Best product ever buy now immediately,0
The product arrived on time and works as expected,1
Everyone needs this right now,0
Very satisfied with this purchase,1
Product matches the description,1
Reliable and easy to use,1
Good quality and worth the price,1
Excellent build quality,1
Everyone needs this right now,0
Guaranteed satisfaction buy today,0
Most incredible product ever created,0
Packaging was neat and secure,1
Packaging was neat and secure,1
Amazing amazing amazing perfect perfect,0
Very satisfied with this purchase,1
Amazing amazing amazing perfect perfect,0
Unlimited benefits no drawbacks at all,0
Packaging was neat and secure,1
Five stars for quality and performance,1
Packaging was neat and secure,1
Product matches the description,1
Perfect product perfect product perfect product,0
Most incredible product ever created,0
Five stars for quality and performance,1
Perfect product perfect product perfect product,0
Guaranteed satisfaction buy today,0
Don't miss this unbelievable deal,0
Best product ever buy now immediately,0
Five stars for quality and performance,1
Five stars for quality and performance,1
Don't miss this unbelievable deal,0
Most incredible product ever created,0
Excellent build quality,1
Everyone needs this right now,0
Very satisfied with this purchase,1
Would recommend this product,1
Good quality and worth the price,1
Don't miss this unbelievable deal,0
Most incredible product ever created,0
Reliable and easy to use,1
Customer support was helpful,1
Amazing amazing amazing perfect perfect,0
Most incredible product ever created,0
Life changing product everyone must buy,0
Amazing amazing amazing perfect perfect,0
Product matches the description,1
Reliable and easy to use,1
Best product ever buy now immediately,0
This product will change your life forever,0
Good quality and worth the price,1
Product matches the description,1
Very satisfied with this purchase,1
Good quality and worth the price,1
Customer support was helpful,1
Guaranteed satisfaction buy today,0
Five stars for quality and performance,1
Don't miss this unbelievable deal,0
Five stars for quality and performance,1
Guaranteed satisfaction buy today,0
Most incredible product ever created,0
Reliable and easy to use,1
Life changing product everyone must buy,0
Reliable and easy to use,1
Good quality and worth the price,1
Life changing product everyone must buy,0
Guaranteed satisfaction buy today,0
The product arrived on time and works as expected,1
Don't miss this unbelievable deal,0
Most incredible product ever created,0
Packaging was neat and secure,1
Customer support was helpful,1
Five stars for quality and performance,1
Product matches the description,1
Very satisfied with this purchase,1
Reliable and easy to use,1
Packaging was neat and secure,1
This product will change your life forever,0
The product arrived on time and works as expected,1
Unlimited benefits no drawbacks at all,0
Good quality and worth the price,1
Amazing amazing amazing perfect perfect,0
Reliable and easy to use,1
The product arrived on time and works as expected,1
This product will change your life forever,0
Everyone needs this right now,0
Guaranteed satisfaction buy today,0
Best product ever buy now immediately,0
The product arrived on time and works as expected,1
Reliable and easy to use,1
Packaging was neat and secure,1
Life changing product everyone must buy,0
Customer support was helpful,1
Best product ever buy now immediately,0
Five stars for quality and performance,1
Amazing amazing amazing perfect perfect,0
Most incredible product ever created,0
Perfect product perfect product perfect product,0
Unlimited benefits no drawbacks at all,0
Product matches the description,1
Would recommend this product,1
The product arrived on time and works as expected,1
Amazing amazing amazing perfect perfect,0
Packaging was neat and secure,1
Guaranteed satisfaction buy today,0
Guaranteed satisfaction buy today,0
Packaging was neat and secure,1
Most incredible product ever created,0
Perfect product perfect product perfect product,0
Product matches the description,1
Would recommend this product,1
The product arrived on time and works as expected,1
Packaging was neat and secure,1
Five stars for quality and performance,1
Best product ever buy now immediately,0
Excellent build quality,1
Everyone needs this right now,0
This product will change your life forever,0
Don't miss this unbelievable deal,0
Good quality and worth the price,1
The product arrived on time and works as expected,1
Would recommend this product,1
Good quality and worth the price,1
Don't miss this unbelievable deal,0
Product matches the description,1
Life changing product everyone must buy,0
Guaranteed satisfaction buy today,0
Most incredible product ever created,0
Unlimited benefits no drawbacks at all,0
Product matches the description,1
Very satisfied with this purchase,1
Amazing amazing amazing perfect perfect,0
Don't miss this unbelievable deal,0
Would recommend this product,1
Unlimited benefits no drawbacks at all,0
Best product ever buy now immediately,0
Amazing amazing amazing perfect perfect,0
Would recommend this product,1
Product matches the description,1
Product matches the description,1
Excellent build quality,1
Best product ever buy now immediately,0
Life changing product everyone must buy,0
Product matches the description,1
Most incredible product ever created,0
Perfect product perfect product perfect product,0
Unlimited benefits no drawbacks at all,0
Good quality and worth the price,1
Product matches the description,1
Life changing product everyone must buy,0
Perfect product perfect product perfect product,0
Reliable and easy to use,1
Everyone needs this right now,0
Five stars for quality and performance,1
Life changing product everyone must buy,0
Packaging was neat and secure,1
Perfect product perfect product perfect product,0
Good quality and worth the price,1
Reliable and easy to use,1
Five stars for quality and performance,1
Excellent build quality,1
Five stars for quality and performance,1
Guaranteed satisfaction buy today,0
Customer support was helpful,1
Very satisfied with this purchase,1
Don't miss this unbelievable deal,0
Very satisfied with this purchase,1
Good quality and worth the price,1
Five stars for quality and performance,1
Best product ever buy now immediately,0
Reliable and easy to use,1
Best product ever buy now immediately,0
Good quality and worth the price,1
Guaranteed satisfaction buy today,0
Very satisfied with this purchase,1
The product arrived on time and works as expected,1
Would recommend this product,1
Five stars for quality and performance,1
Five stars for quality and performance,1
Life changing product everyone must buy,0
Best product ever buy now immediately,0
Unlimited benefits no drawbacks at all,0
Life changing product everyone must buy,0
Amazing amazing amazing perfect perfect,0
Don't miss this unbelievable deal,0
Guaranteed satisfaction buy today,0
Excellent build quality,1
Would recommend this product,1
The product arrived on time and works as expected,1
Life changing product everyone must buy,0
Most incredible product ever created,0
Life changing product everyone must buy,0
Reliable and easy to use,1
Most incredible product ever created,0
Guaranteed satisfaction buy today,0
Good quality and worth the price,1
Guaranteed satisfaction buy today,0
This product will change your life forever,0
Perfect product perfect product perfect product,0
This product will change your life forever,0
Excellent build quality,1
Amazing amazing amazing perfect perfect,0
Unlimited benefits no drawbacks at all,0
Reliable and easy to use,1
Most incredible product ever created,0
Very satisfied with this purchase,1
Packaging was neat and secure,1
Five stars for quality and performance,1
This product will change your life forever,0
Unlimited benefits no drawbacks at all,0
Would recommend this product,1
Best product ever buy now immediately,0
Best product ever buy now immediately,0
The product arrived on time and works as expected,1
Product matches the description,1
Product matches the description,1
This product will change your life forever,0
Most incredible product ever created,0
Best product ever buy now immediately,0
Best product ever buy now immediately,0
Packaging was neat and secure,1
Packaging was neat and secure,1
Good quality and worth the price,1
Don't miss this unbelievable deal,0
Guaranteed satisfaction buy today,0
Unlimited benefits no drawbacks at all,0
Product matches the description,1
Customer support was helpful,1
Would recommend this product,1
This product will change your life forever,0
Packaging was neat and secure,1
Everyone needs this right now,0
Everyone needs this right now,0
Good quality and worth the price,1
Would recommend this product,1
Product matches the description,1
Five stars for quality and performance,1
Unlimited benefits no drawbacks at all,0
Amazing amazing amazing perfect perfect,0
Everyone needs this right now,0
Good quality and worth the price,1
Reliable and easy to use,1
Guaranteed satisfaction buy today,0
Very satisfied with this purchase,1
Most incredible product ever created,0
Amazing amazing amazing perfect perfect,0
Everyone needs this right now,0
Don't miss this unbelievable deal,0
Very satisfied with this purchase,1
Everyone needs this right now,0
The product arrived on time and works as expected,1
Guaranteed satisfaction buy today,0
Would recommend this product,1
Five stars for quality and performance,1
Good quality and worth the price,1
Amazing amazing amazing perfect perfect,0
Excellent build quality,1
Customer support was helpful,1
Guaranteed satisfaction buy today,0
Life changing product everyone must buy,0
Product matches the description,1
Life changing product everyone must buy,0
Customer support was helpful,1
Excellent build quality,1
Most incredible product ever created,0
Good quality and worth the price,1
Don't miss this unbelievable deal,0
This product will change your life forever,0
Perfect product perfect product perfect product,0
Best product ever buy now immediately,0
Very satisfied with this purchase,1
The product arrived on time and works as expected,1
Excellent build quality,1
Very satisfied with this purchase,1
Customer support was helpful,1
Don't miss this unbelievable deal,0
Best product ever buy now immediately,0
Customer support was helpful,1
Packaging was neat and secure,1
Reliable and easy to use,1
Don't miss this unbelievable deal,0
Good quality and worth the price,1
Excellent build quality,1
Amazing amazing amazing perfect perfect,0
Don't miss this unbelievable deal,0
Would recommend this product,1
Good quality and worth the price,1
Good quality and worth the price,1
Packaging was neat and secure,1
Life changing product everyone must buy,0
Customer support was helpful,1
The product arrived on time and works as expected,1
Perfect product perfect product perfect product,0
Would recommend this product,1
Customer support was helpful,1
Amazing amazing amazing perfect perfect,0
Reliable and easy to use,1
Don't miss this unbelievable deal,0
Customer support was helpful,1
Excellent build quality,1
Very satisfied with this purchase,1
Good quality and worth the price,1
Don't miss this unbelievable deal,0
The product arrived on time and works as expected,1
Everyone needs this right now,0
Life changing product everyone must buy,0
Reliable and easy to use,1
Don't miss this unbelievable deal,0
Best product ever buy now immediately,0
Excellent build quality,1
Good quality and worth the price,1
Don't miss this unbelievable deal,0
Product matches the description,1
Unlimited benefits no drawbacks at all,0
Amazing amazing amazing perfect perfect,0
Don't miss this unbelievable deal,0
Would recommend this product,1
Best product ever buy now immediately,0
Perfect product perfect product perfect product,0
Very satisfied with this purchase,1
Very satisfied with this purchase,1
Good quality and worth the price,1
This product will change your life forever,0
Amazing amazing amazing perfect perfect,0
Would recommend this product,1
Best product ever buy now immediately,0
Perfect product perfect product perfect product,0
Very satisfied with this purchase,1
This product will change your life forever,0
This product will change your life forever,0
The product arrived on time and works as expected,1
Packaging was neat and secure,1
Life changing product everyone must buy,0
Reliable and easy to use,1
Product matches the description,1
Very satisfied with this purchase,1
Five stars for quality and performance,1
Would recommend this product,1
Good quality and worth the price,1
Five stars for quality and performance,1
This product will change your life forever,0
Unlimited benefits no drawbacks at all,0
Everyone needs this right now,0
Five stars for quality and performance,1
Life changing product everyone must buy,0
Everyone needs this right now,0
Product matches the description,1
Very satisfied with this purchase,1
Unlimited benefits no drawbacks at all,0
Unlimited benefits no drawbacks at all,0
Would recommend this product,1
Five stars for quality and performance,1
Don't miss this unbelievable deal,0
Very satisfied with this purchase,1
Would recommend this product,1
Good quality and worth the price,1
Perfect product perfect product perfect product,0
Excellent build quality,1
Packaging was neat and secure,1
Packaging was neat and secure,1
Life changing product everyone must buy,0
Best product ever buy now immediately,0
Packaging was neat and secure,1
Perfect product perfect product perfect product,0
Most incredible product ever created,0
The product arrived on time and works as expected,1
Amazing amazing amazing perfect perfect,0
Unlimited benefits no drawbacks at all,0
This product will change your life forever,0
Packaging was neat and secure,1
Guaranteed satisfaction buy today,0
Perfect product perfect product perfect product,0
Excellent build quality,1
Unlimited benefits no drawbacks at all,0
Everyone needs this right now,0
Best product ever buy now immediately,0
The product arrived on time and works as expected,1
Best product ever buy now immediately,0
Best product ever buy now immediately,0
Very satisfied with this purchase,1
Everyone needs this right now,0
Don't miss this unbelievable deal,0
Most incredible product ever created,0
Packaging was neat and secure,1
Five stars for quality and performance,1
Five stars for quality and performance,1
Everyone needs this right now,0
This product will change your life forever,0
Would recommend this product,1
Everyone needs this right now,0
Unlimited benefits no drawbacks at all,0
Perfect product perfect product perfect product,0
Packaging was neat and secure,1
Guaranteed satisfaction buy today,0
Amazing amazing amazing perfect perfect,0
Unlimited benefits no drawbacks at all,0
Amazing amazing amazing perfect perfect,0
Excellent build quality,1
Customer support was helpful,1
Don't miss this unbelievable deal,0
Life changing product everyone must buy,0
Would recommend this product,1
The product arrived on time and works as expected,1
Customer support was helpful,1
Most incredible product ever created,0
Most incredible product ever created,0
Best product ever buy now immediately,0
Customer support was helpful,1
Five stars for quality and performance,1
Everyone needs this right now,0
Good quality and worth the price,1
Would recommend this product,1
Product matches the description,1
Best product ever buy now immediately,0
Very satisfied with this purchase,1
Good quality and worth the price,1
Don't miss this unbelievable deal,0
The product arrived on time and works as expected,1
Don't miss this unbelievable deal,0
Would recommend this product,1
Don't miss this unbelievable deal,0
Perfect product perfect product perfect product,0
Reliable and easy to use,1
This product will change your life forever,0
Good quality and worth the price,1
Don't miss this unbelievable deal,0
Perfect product perfect product perfect product,0
Customer support was helpful,1
Reliable and easy to use,1
Best product ever buy now immediately,0
Very satisfied with this purchase,1
Perfect product perfect product perfect product,0
Unlimited benefits no drawbacks at all,0
Everyone needs this right now,0
Would recommend this product,1
Amazing amazing amazing perfect perfect,0
This product will change your life forever,0
Would recommend this product,1
Amazing amazing amazing perfect perfect,0
Product matches the description,1
Amazing amazing amazing perfect perfect,0
The product arrived on time and works as expected,1
Unlimited benefits no drawbacks at all,0
Most incredible product ever created,0
Would recommend this product,1
This product will change your life forever,0
Life changing product everyone must buy,0
Everyone needs this right now,0
Best product ever buy now immediately,0
Unlimited benefits no drawbacks at all,0
Reliable and easy to use,1
Reliable and easy to use,1
Good quality and worth the price,1
Excellent build quality,1
Five stars for quality and performance,1
Most incredible product ever created,0
This product will change your life forever,0
Product matches the description,1
Product matches the description,1
Unlimited benefits no drawbacks at all,0
Would recommend this product,1
Customer support was helpful,1
Unlimited benefits no drawbacks at all,0
Reliable and easy to use,1
Unlimited benefits no drawbacks at all,0
Perfect product perfect product perfect product,0
Amazing amazing amazing perfect perfect,0
Don't miss this unbelievable deal,0
Life changing product everyone must buy,0
The product arrived on time and works as expected,1
Would recommend this product,1
Everyone needs this right now,0
Five stars for quality and performance,1
Product matches the description,1
Perfect product perfect product perfect product,0
Life changing product everyone must buy,0
Amazing amazing amazing perfect perfect,0
Unlimited benefits no drawbacks at all,0
Unlimited benefits no drawbacks at all,0
Reliable and easy to use,1
The product arrived on time and works as expected,1
Everyone needs this right now,0
Unlimited benefits no drawbacks at all,0
Most incredible product ever created,0
Guaranteed satisfaction buy today,0
The product arrived on time and works as expected,1
Good quality and worth the price,1
Best product ever buy now immediately,0
Most incredible product ever created,0
Life changing product everyone must buy,0
Customer support was helpful,1
This product will change your life forever,0
This product will change your life forever,0
Guaranteed satisfaction buy today,0
Product matches the description,1
Very satisfied with this purchase,1
Best product ever buy now immediately,0
Perfect product perfect product perfect product,0
Guaranteed satisfaction buy today,0
Guaranteed satisfaction buy today,0
Amazing amazing amazing perfect perfect,0
Good quality and worth the price,1
Best product ever buy now immediately,0
Don't miss this unbelievable deal,0
The product arrived on time and works as expected,1
Don't miss this unbelievable deal,0
Reliable and easy to use,1
Five stars for quality and performance,1
Don't miss this unbelievable deal,0
This product will change your life forever,0
Customer support was helpful,1
Good quality and worth the price,1
This product will change your life forever,0
Best product ever buy now immediately,0
Excellent build quality,1
Five stars for quality and performance,1
The product arrived on time and works as expected,1
Product matches the description,1
The product arrived on time and works as expected,1
Packaging was neat and secure,1
Product matches the description,1
Perfect product perfect product perfect product,0
Life changing product everyone must buy,0
Best product ever buy now immediately,0
Everyone needs this right now,0
Would recommend this product,1
Most incredible product ever created,0
Life changing product everyone must buy,0
This product will change your life forever,0
Unlimited benefits no drawbacks at all,0
Five stars for quality and performance,1
Life changing product everyone must buy,0
Good quality and worth the price,1
Life changing product everyone must buy,0
Life changing product everyone must buy,0
Everyone needs this right now,0
The product arrived on time and works as expected,1
Life changing product everyone must buy,0
Good quality and worth the price,1
Don't miss this unbelievable deal,0
Product matches the description,1
This product will change your life forever,0
Excellent build quality,1
Packaging was neat and secure,1
Don't miss this unbelievable deal,0
The product arrived on time and works as expected,1
Packaging was neat and secure,1
Everyone needs this right now,0
Life changing product everyone must buy,0
Reliable and easy to use,1
Amazing amazing amazing perfect perfect,0
Packaging was neat and secure,1
Five stars for quality and performance,1
Very satisfied with this purchase,1
Amazing amazing amazing perfect perfect,0
Excellent build quality,1
Unlimited benefits no drawbacks at all,0
Would recommend this product,1
Good quality and worth the price,1
Unlimited benefits no drawbacks at all,0
Perfect product perfect product perfect product,0
Perfect product perfect product perfect product,0
This product will change your life forever,0
Customer support was helpful,1
Would recommend this product,1
The product arrived on time and works as expected,1
Perfect product perfect product perfect product,0
Customer support was helpful,1
Amazing amazing amazing perfect perfect,0
Best product ever buy now immediately,0
Amazing amazing amazing perfect perfect,0
The product arrived on time and works as expected,1
Would recommend this product,1
Everyone needs this right now,0
Most incredible product ever created,0
Five stars for quality and performance,1
Everyone needs this right now,0
Best product ever buy now immediately,0
Guaranteed satisfaction buy today,0
The product arrived on time and works as expected,1
Reliable and easy to use,1
Guaranteed satisfaction buy today,0
Excellent build quality,1
Guaranteed satisfaction buy today,0
Unlimited benefits no drawbacks at all,0
This product will change your life forever,0
Perfect product perfect product perfect product,0
This product will change your life forever,0
Everyone needs this right now,0
The product arrived on time and works as expected,1
The product arrived on time and works as expected,1
Life changing product everyone must buy,0
Don't miss this unbelievable deal,0
Amazing amazing amazing perfect perfect,0
Customer support was helpful,1
Don't miss this unbelievable deal,0
Life changing product everyone must buy,0
Perfect product perfect product perfect product,0
Reliable and easy to use,1
Excellent build quality,1
Customer support was helpful,1
Guaranteed satisfaction buy today,0
Perfect product perfect product perfect product,0
Don't miss this unbelievable deal,0
Don't miss this unbelievable deal,0
Guaranteed satisfaction buy today,0
Everyone needs this right now,0
Reliable and easy to use,1
Five stars for quality and performance,1
Perfect product perfect product perfect product,0
Life changing product everyone must buy,0
Reliable and easy to use,1
Reliable and easy to use,1
Don't miss this unbelievable deal,0
Everyone needs this right now,0
The product arrived on time and works as expected,1
Product matches the description,1
Don't miss this unbelievable deal,0
Don't miss this unbelievable deal,0
Life changing product everyone must buy,0
Reliable and easy to use,1
Most incredible product ever created,0
Reliable and easy to use,1
Would recommend this product,1
Product matches the description,1
Product matches the description,1
This product will change your life forever,0
Life changing product everyone must buy,0
Best product ever buy now immediately,0
Life changing product everyone must buy,0
Perfect product perfect product perfect product,0
Most incredible product ever created,0
Best product ever buy now immediately,0
Excellent build quality,1
Reliable and easy to use,1
Don't miss this unbelievable deal,0
Very satisfied with this purchase,1
Five stars for quality and performance,1
This product will change your life forever,0
Excellent build quality,1
This product will change your life forever,0
Good quality and worth the price,1
Life changing product everyone must buy,0
Good quality and worth the price,1
This product will change your life forever,0
Product matches the description,1
Very satisfied with this purchase,1
This product will change your life forever,0
This product will change your life forever,0
Very satisfied with this purchase,1
Reliable and easy to use,1
Product matches the description,1
Guaranteed satisfaction buy today,0
Perfect product perfect product perfect product,0
Don't miss this unbelievable deal,0
Very satisfied with this purchase,1
Best product ever buy now immediately,0
Life changing product everyone must buy,0
Would recommend this product,1
Customer support was helpful,1
Everyone needs this right now,0
Packaging was neat and secure,1
The product arrived on time and works as expected,1
Best product ever buy now immediately,0
Everyone needs this right now,0
Product matches the description,1
Reliable and easy to use,1
Best product ever buy now immediately,0
The product arrived on time and works as expected,1
This product will change your life forever,0
Perfect product perfect product perfect product,0
Guaranteed satisfaction buy today,0
Good quality and worth the price,1
Very satisfied with this purchase,1
Unlimited benefits no drawbacks at all,0
The product arrived on time and works as expected,1
Good quality and worth the price,1
Don't miss this unbelievable deal,0
This product will change your life forever,0
Would recommend this product,1
Don't miss this unbelievable deal,0
Guaranteed satisfaction buy today,0
Five stars for quality and performance,1
Reliable and easy to use,1
Packaging was neat and secure,1
Good quality and worth the price,1
The product arrived on time and works as expected,1
Five stars for quality and performance,1
Five stars for quality and performance,1
This product will change your life forever,0
Best product ever buy now immediately,0
Everyone needs this right now,0
Good quality and worth the price,1
Good quality and worth the price,1
Good quality and worth the price,1
Guaranteed satisfaction buy today,0
Reliable and easy to use,1
Customer support was helpful,1
Five stars for quality and performance,1
Life changing product everyone must buy,0
Customer support was helpful,1
Excellent build quality,1
Would recommend this product,1
Packaging was neat and secure,1
Don't miss this unbelievable deal,0
Amazing amazing amazing perfect perfect,0
Everyone needs this right now,0
Would recommend this product,1
Unlimited benefits no drawbacks at all,0
Five stars for quality and performance,1
Unlimited benefits no drawbacks at all,0
Guaranteed satisfaction buy today,0
Excellent build quality,1
Unlimited benefits no drawbacks at all,0
Good quality and worth the price,1
Amazing amazing amazing perfect perfect,0
Reliable and easy to use,1
Good quality and worth the price,1
Guaranteed satisfaction buy today,0
Unlimited benefits no drawbacks at all,0
Unlimited benefits no drawbacks at all,0
Everyone needs this right now,0
Life changing product everyone must buy,0
Customer support was helpful,1
Reliable and easy to use,1
Guaranteed satisfaction buy today,0
Five stars for quality and performance,1
Best product ever buy now immediately,0
Would recommend this product,1
Five stars for quality and performance,1
This product will change your life forever,0
Customer support was helpful,1
Amazing amazing amazing perfect perfect,0
Perfect product perfect product perfect product,0
Everyone needs this right now,0
Unlimited benefits no drawbacks at all,0
Good quality and worth the price,1
Amazing amazing amazing perfect perfect,0
Would recommend this product,1
Don't miss this unbelievable deal,0
Very satisfied with this purchase,1
Customer support was helpful,1
Five stars for quality and performance,1
Product matches the description,1
Best product ever buy now immediately,0
Don't miss this unbelievable deal,0
Good quality and worth the price,1
Guaranteed satisfaction buy today,0
Best product ever buy now immediately,0
Very satisfied with this purchase,1
Unlimited benefits no drawbacks at all,0
Reliable and easy to use,1
Packaging was neat and secure,1
Product matches the description,1
